Año,Variable,Media_T_2022,Media_T_Post,Media_C_2022,Media_C_Post,Efecto_DiD,Error_Est,CI_Lower,CI_Upper,p_valor,Unidad
2023,Asistencia Escolar,69.18053709450224,86.0275820881914,70.20453910805993,71.72776012992169,15.323823971827377,0.5619101276262854,14.220406914127128,16.374082689273706,0.0,puntos porcentuales
2023,Controles de Salud,52.26885673225271,75.52470946533664,52.886686831002585,56.05479515568894,20.08774440839757,0.7555439701989157,18.399371833711303,21.57034347619171,0.0,puntos porcentuales
2023,Gasto en Educación,89.81566404950503,138.43726668159576,89.85017685403662,100.50793800480739,37.96384148131996,1.0879836201363253,35.76603265355012,40.09438695928133,0.0,S/.
2023,Desnutrición Crónica,29.78764335634362,16.040641840048732,29.802591518322526,28.205487430888894,-12.149897428861255,0.2845864112270573,-12.742664449311272,-11.623982713560386,0.0,puntos porcentuales
2024,Asistencia Escolar,69.18053709450224,90.64462247215043,70.20453910805993,73.60702799269374,18.061596493014363,0.5476031409767029,17.06425094072737,19.12824827309003,0.0,puntos porcentuales
2024,Controles de Salud,52.26885673225271,84.78791883912784,52.886686831002585,60.98686100859907,24.418887929278643,0.7334606126029956,23.052000434544528,25.952504125629815,0.0,puntos porcentuales
2024,Gasto en Educación,89.81566404950503,160.28129145035416,89.85017685403662,109.94458580477496,50.37121845011079,1.1350414569412604,48.107090654348035,52.57229577230184,0.0,S/.
2024,Desnutrición Crónica,29.78764335634362,11.03463332146967,29.802591518322526,25.84642542233268,-14.796843938884106,0.27464192852466807,-15.29488749039909,-14.273143309685521,0.0,puntos porcentuales
